# 역할

- 8 버전 부터는 권한을 묶어서 열할을 사용할 수 있게 되었음

<br/>

### 역할 생성

- 아래 과정은 껍데기 역할을 만들고 권한을 추가하고 해당 권한을 유저에게 부여하는 방법이다
- 이후에 역할도 잘 부여됬지만 employee 테이블을 조회하면 권한이 없다고 에러가 발생한다

```sql
mysql> create role role_emp_read;
Query OK, 0 rows affected (0.07 sec)

mysql> grant select on employee.* TO role_emp_read;
Query OK, 0 rows affected (0.01 sec)

mysql> create user reader@'localhost' identified by '1234'
Query OK, 0 rows affected (0.01 sec)

mysql> grant role_emp_read to reader@'localhost';
Query OK, 0 rows affected (0.01 sec)

mysql> show grants;
+---------------------------------------------------+
| Grants for reader@localhost                       |
+---------------------------------------------------+
| GRANT USAGE ON *.* TO `reader`@`localhost`        |
| GRANT `role_emp_read`@`%` TO `reader`@`localhost` |
+---------------------------------------------------+
2 rows in set (0.00 sec)

mysql> select * from realmysql.employee;
ERROR 1142 (42000): SELECT command denied to user 'reader'@'localhost' for table 'employee'
mysql>
```

<br/>

### 역할이 부여가 안된건가?

- MySQL은 최초 로그인시에는 아무런 역할이 할당되지 않음
- `SET ROLE <ROLE_NAME>`을 입력해야 해당 권한이 들어가짐
  - 하지만 로그아웃시 다시 초기화됨
- `activate_all_roles_on_login` 시스템변수를 통해서 자동으로 할당되게 만들 수 있음
  - `SET GLOBAL activate_all_roles_on_login = ON`

```sql
mysql> select current_role();
+----------------+
| current_role() |
+----------------+
| NONE           |
+----------------+
1 row in set (0.00 sec)

mysql> select current_role();
+----------------+
| current_role() |
+----------------+
| NONE           |
+----------------+
1 row in set (0.00 sec)

mysql> set role 'role_emp_read';
Query OK, 0 rows affected (0.00 sec)

mysql> select current_role();
+---------------------+
| current_role()      |
+---------------------+
| `role_emp_read`@`%` |
+---------------------+
1 row in set (0.00 sec)

mysql> select * from realmysql.employee;
Empty set (0.00 sec)
```

<br/>

# MySQL 8에 도입된 역할의 비밀

- 역할은 사용자 계정과 거의 같은 모습을 하고있음
- 서버 내부적으로 역할과 계정은 동일한 객체로 취급됨
- 하나의 사용자 계정에 다른 사용자 계정이 가진 권한을 병합해서 사용이 가능해졌을뿐임
- 생성시 계정처럼 host 부분 명시가 가능한데, 명시하지 않으면 자동으로 '%'로 설정됨

```sql
mysql>  select user, host, account_locked from mysql.user;
+------------------+-----------+----------------+
| user             | host      | account_locked |
+------------------+-----------+----------------+
| role_emp_read    | %         | Y              |
| mysql.infoschema | localhost | Y              |
| mysql.session    | localhost | Y              |
| mysql.sys        | localhost | Y              |
| reader           | localhost | N              |
| root             | localhost | N              |
+------------------+-----------+----------------+
6 rows in set (0.00 sec)

mysql>
```
